{
  "name": "custom.python.demo_plugin",
  "version": "1.1",
  "type": "python",
  "entity": "PROCESS_GROUP_INSTANCE",
  "processTypeNames": ["PYTHON"],
  "source": {
    "package": "demo_plugin",
    "className": "DemoPlugin",
    "install_requires": ["requests>=2.6.0"],
    "activation": "Singleton"
  },
  "metrics": [
    {
      "timeseries": {
        "key": "random",
        "unit": "Count"
      }
    },
    {
      "timeseries": {
        "key": "counter",
        "unit": "Count"
      }
    }
  ]
}

